{
  "PHP-0" : {
    "transaction" : "PHP-0",
    "sampleCount" : 1002,
    "errorCount" : 0,
    "errorPct" : 0.0,
    "meanResTime" : 432.47604790419206,
    "medianResTime" : 463.5,
    "minResTime" : 7.0,
    "maxResTime" : 738.0,
    "pct1ResTime" : 663.0,
    "pct2ResTime" : 680.0,
    "pct3ResTime" : 717.0,
    "throughput" : 16.51421508034611,
    "receivedKBytesPerSec" : 10.482656056860321,
    "sentKBytesPerSec" : 4.701792336217553
  },
  "PHP-1" : {
    "transaction" : "PHP-1",
    "sampleCount" : 1002,
    "errorCount" : 0,
    "errorPct" : 0.0,
    "meanResTime" : 438.5359281437121,
    "medianResTime" : 465.5,
    "minResTime" : 6.0,
    "maxResTime" : 741.0,
    "pct1ResTime" : 668.7,
    "pct2ResTime" : 683.0,
    "pct3ResTime" : 721.0,
    "throughput" : 16.505238189365485,
    "receivedKBytesPerSec" : 301.22059695592014,
    "sentKBytesPerSec" : 2.385522707056731
  },
  "Total" : {
    "transaction" : "Total",
    "sampleCount" : 14004,
    "errorCount" : 1511,
    "errorPct" : 10.789774,
    "meanResTime" : 453.26421022564944,
    "medianResTime" : 206.0,
    "minResTime" : 2.0,
    "maxResTime" : 4821.0,
    "pct1ResTime" : 957.0,
    "pct2ResTime" : 1363.5,
    "pct3ResTime" : 4663.950000000001,
    "throughput" : 158.58492061694562,
    "receivedKBytesPerSec" : 2185.746863180305,
    "sentKBytesPerSec" : 42.91093435044051
  },
  "PHP" : {
    "transaction" : "PHP",
    "sampleCount" : 6000,
    "errorCount" : 997,
    "errorPct" : 16.616667,
    "meanResTime" : 752.7195000000011,
    "medianResTime" : 525.0,
    "minResTime" : 7.0,
    "maxResTime" : 4821.0,
    "pct1ResTime" : 1307.0,
    "pct2ResTime" : 4289.0,
    "pct3ResTime" : 4777.99,
    "throughput" : 67.95247856665571,
    "receivedKBytesPerSec" : 946.2701831248514,
    "sentKBytesPerSec" : 17.36700116156268
  },
  "PYTHON" : {
    "transaction" : "PYTHON",
    "sampleCount" : 6000,
    "errorCount" : 514,
    "errorPct" : 8.566667,
    "meanResTime" : 159.74016666666654,
    "medianResTime" : 5.0,
    "minResTime" : 2.0,
    "maxResTime" : 3849.0,
    "pct1ResTime" : 799.8000000000011,
    "pct2ResTime" : 1082.9499999999998,
    "pct3ResTime" : 1613.9399999999987,
    "throughput" : 68.11138481797232,
    "receivedKBytesPerSec" : 1027.7918173749306,
    "sentKBytesPerSec" : 20.72558268934965
  }
}